,A,B,C,D
2000-01-01,0.7455323577050028,0.5085496086763673,1.9187793919556184,-1.0561649393751091
2000-01-02,0.7394236511242687,1.278985294814197,5.160115238965774,-0.25762978444782336
2000-01-03,1.6232680998399558,3.2907851490109525,5.64882492363678,1.157183751280232
2000-01-04,3.31862609968262,3.6806008867512414,6.575619329626458,1.8765106015432644
2000-01-05,3.5307715802210478,3.068529139974885,6.611322065721854,1.6804221246784232
2000-01-06,3.45588259939618,3.741836889649973,6.092357731768331,1.5498435915166182
2000-01-07,3.101246694861277,3.563328071890957,6.43638902785265,0.7208440918471698
2000-01-08,3.582534389225199,4.031876006118577,8.188317053325443,0.9979256478564812
2000-01-09,2.504968331686114,4.926844648479115,9.646235763238314,-0.03951445755774252
2000-01-10,1.0446245950740698,5.790381544944346,9.86041314040991,-0.08607079615043856
2000-01-11,2.095844897980802,3.8462918022375656,8.823744975887,-0.1965324363099728
2000-01-12,0.5845762483730081,5.069580838967576,9.31736250992072,1.5223168991598917
2000-01-13,2.8404170235981736,6.213189117549636,9.42576703026962,0.517745872337009
2000-01-14,1.997160108269519,7.095813795013089,12.071459511683116,0.648597915583375
2000-01-15,1.2690918106553324,6.66024723425712,11.989212322046752,0.17000350001455466
2000-01-16,-0.0739490001144203,6.180488546338772,10.625074412326923,0.43628553809983056
2000-01-17,-0.47636230559839343,7.209243026379944,10.139732139333805,1.018553566028778
2000-01-18,-1.4155964690878098,6.415142898599404,10.906028091104572,0.7145395631670897
2000-01-19,-2.2385642698758437,6.897253743329999,10.063385967375629,-0.16040554003054652
2000-01-20,-1.310541298900287,7.810185336129807,12.109047551094442,0.5365659704139176
2000-01-21,-1.1716221129634725,8.277277127142423,12.848479442915458,1.853857405617811
2000-01-22,-0.8427701303963677,9.053005401104292,12.617390611429185,0.7463886441432153
2000-01-23,0.334201567004653,10.057626660569241,13.224933983585386,0.8714623654578425
2000-01-24,1.4961215048851721,10.38548714250569,11.47192737370536,1.425066362399325
2000-01-25,3.0114467791453237,10.676464246962706,11.935660757497041,3.457799066797357
2000-01-26,4.034102561514656,11.992047726533118,12.720137946941163,2.0489624331206797
2000-01-27,5.529603365137995,12.070132289328965,11.997851920663546,0.5340842512742108
2000-01-28,5.436289154854809,9.912189256468256,12.315262239204975,0.24348950870755298
2000-01-29,4.092903397593634,8.198419089401208,12.76202543756407,-1.0752578742427512
2000-01-30,4.361581818276196,9.64201856374945,12.84074925123181,-0.4893922524838741
2000-01-31,4.036075334042403,8.419632487659172,11.59348979383327,-1.1054368135500974
2000-02-01,3.5196403741868663,8.823625828714423,11.710354954212136,-0.6153176099788857
2000-02-02,3.5454272613090487,8.606664170663933,10.723370346477743,-1.812285520927467
2000-02-03,3.752933017370942,8.522960102251263,11.365945587536082,0.23469449253632213
2000-02-04,4.172438701956363,6.630346567338096,11.744762550599313,-0.20402102222064106
2000-02-05,3.4283976263047395,5.24023044636586,11.789038678400901,1.83614088999415
2000-02-06,1.7436962693057614,5.047807092522948,11.472494066262339,1.2382612785672331
2000-02-07,1.335869641311454,4.6631115758709045,14.541766594661494,2.683332112780632
2000-02-08,2.154341831628926,5.00405293569992,13.519575185760534,3.326091323514711
2000-02-09,2.178220528299712,4.856872553400709,14.778735763682393,3.2889740986316274
2000-02-10,4.4857233913922006,4.719119494175069,13.03218527662845,3.8510806522939918
2000-02-11,4.6129345899073195,4.573099655496276,13.538402598223547,3.941849379602844
2000-02-12,5.357053305066079,4.341713960027961,13.455622401949801,3.937165553514796
2000-02-13,5.937445402335178,3.758805163402751,13.758259877531938,3.952527223830721
2000-02-14,7.23154037030971,3.413474386939262,14.320401158763035,4.453175971425836
2000-02-15,6.092426321183782,3.732893714856043,15.053789664286898,4.995896202365879
2000-02-16,6.276671206836128,2.4508467021896743,14.735622088980072,5.0727975003575
2000-02-17,5.984686237892743,3.3446939365326958,14.821697478656931,5.444204692551628
2000-02-18,6.662523755940217,4.2063059544686325,14.167452790732561,5.6269175903397715
2000-02-19,5.02034216528152,1.8853750323005634,12.071731067286649,6.212943456512816
2000-02-20,5.8877154888799925,0.8489779284020356,12.968527402099882,6.578359886950471
2000-02-21,4.842056664206558,3.471356592629358,12.807902261873867,7.087031925682923
2000-02-22,6.095836493601819,4.745939208567126,13.717725857758401,6.080679018752109
2000-02-23,6.344529807460601,5.942010948874813,13.68952406843938,7.055095538666357
2000-02-24,5.8534727289436965,5.102657945565572,13.82384765268593,7.118631532086623
2000-02-25,6.529298966741829,6.149982958112838,13.203520846675964,7.388700962487753
2000-02-26,6.041670319261936,5.981413376452624,13.60705222742451,6.149516154787711
2000-02-27,6.3312949118213,6.01920188775658,13.951956428716722,4.252472596162631
2000-02-28,4.919643016229557,5.474346391814708,13.206766651980988,4.926443050530466
2000-02-29,4.701932030933819,3.832898148974562,13.690551994648402,4.488142021081638
2000-03-01,4.132384621624288,4.841544330378499,14.01800466024869,5.346191964254831
2000-03-02,3.4681199104868634,6.646107050247325,13.393640740388431,4.928605627684653
2000-03-03,2.665808000421987,5.798073868596706,11.736503471892377,6.959056232734422
2000-03-04,3.205175555076268,5.659071769017788,12.578878643213287,8.595934152978542
2000-03-05,1.2499508931720549,4.917388459064233,12.390761099660967,8.425160930278556
2000-03-06,1.1377235836647148,5.68202953262813,13.838815562444386,8.276062327393968
2000-03-07,0.2866331327731768,5.541406214762519,13.271004783823065,9.282818379411385
2000-03-08,0.3033649672284068,6.63891542211342,13.1891519384951,9.861987110101822
2000-03-09,-0.8545251095752758,7.2874196906213236,14.026431121942746,9.74279628754327
2000-03-10,-0.9457355383067514,5.839331971311244,14.331451921557514,9.752375750145355
2000-03-11,-1.4282117961322767,7.735521552222259,12.430084497065943,11.254271107607305
2000-03-12,-1.596446084346076,6.364473437002155,13.832817019543864,11.171799616355976
2000-03-13,-2.417340080675859,5.877231163682692,13.779627843974255,8.847195624998086
2000-03-14,-3.2906792030933065,7.295614568614682,14.162194656924502,9.308508797422837
2000-03-15,-2.8172668993455745,8.301972982799459,13.643962739508314,9.195019322006265
2000-03-16,-2.7360719745193087,8.57124462801121,14.18073337414365,9.322148387206433
2000-03-17,-3.0915641141807724,7.528982161011844,13.374556637595976,10.535182506536824
2000-03-18,-3.78563718072929,7.408575609886251,15.038220273060823,10.266440692873608
2000-03-19,-3.686595899605972,7.681446291474918,14.112619128619235,11.331536316895804
2000-03-20,-4.088181290709679,7.464462019771479,16.566563429444702,11.55598134738971
2000-03-21,-2.5157503262188765,9.261552965443412,15.619513522126024,13.774344750990705
2000-03-22,-1.3071779064185292,9.368299065075373,15.324830549404327,13.233723778589267
2000-03-23,-0.6059588545347794,8.865502462098753,14.376240787840926,13.540600788790519
2000-03-24,-0.32967005481463185,7.897271504318853,13.920571006652182,12.90968561342351
2000-03-25,0.7757552519795481,9.147749426036667,14.13143564715131,12.555332327113852
2000-03-26,-0.17605777339054918,10.00156929828752,13.305481106329367,13.686552631637307
2000-03-27,2.421230031831914,8.549178251773178,12.300550208832124,13.943406128826798
2000-03-28,3.6650306132959933,8.072625007488904,11.319250699743305,12.948923528699739
2000-03-29,3.0468670215172504,7.694811259597656,11.509030989091427,12.879442668769
2000-03-30,2.5035243275950654,7.80867569188032,12.281956485480842,12.255217073739383
2000-03-31,2.735351857927155,7.489609883009497,13.322716605358426,11.42023565652007
2000-04-01,5.284931586688014,6.593648323082132,12.196823458479596,10.49049061420773
2000-04-02,5.956008850476497,8.259822481592296,11.609782817959267,11.642773121116353
2000-04-03,5.577768234270676,9.675628910766674,11.60665068644595,11.430298589790544
2000-04-04,5.800161416045284,7.2276676051632975,11.34219760117535,13.156436206955448
2000-04-05,5.2735871350639485,7.720526280315665,10.595547864532486,11.59925967922567
2000-04-06,6.20022343924173,6.711448183471438,10.781968601848327,11.833309860093491
2000-04-07,6.29872233564777,7.2310437814850745,11.039812509571815,12.623281190497318
2000-04-08,6.573254252182849,8.337195860324693,8.978750726490876,12.093812678757866
2000-04-09,5.565938760731145,7.784093352663522,8.562531863376467,12.73682770256256
2000-04-10,3.873041900178979,7.99158300535578,9.71403349368183,12.728748342383335
2000-04-11,2.3118584907281727,8.707485979799783,11.228930089743436,13.591958690978508
2000-04-12,2.394359133083016,7.551015321667965,11.220433103977616,11.735198882238548
2000-04-13,1.9631465746351109,5.110359495040308,10.721384229065798,10.971458826361266
2000-04-14,2.385574108024985,3.5556636185104553,10.567869688023922,11.523235665073202
2000-04-15,3.0336411963991408,4.55597137314565,10.869473881978152,10.569089570271249
2000-04-16,3.7311184674063975,4.54002547006692,9.951557927001588,10.630972729548287
2000-04-17,3.35337864019885,4.470585233321629,9.345911623464014,10.924061666780588
2000-04-18,3.3488465972093477,3.5928357162443865,8.995904612752973,11.832360407801183
2000-04-19,3.918757545234152,6.106577030504878,8.930885476959176,11.677266380493467
2000-04-20,1.7640656862648862,8.08314404330144,9.385550773751264,10.746087486263457
2000-04-21,2.53924974549252,8.166451972182312,7.737687822672952,10.776145270339402
2000-04-22,2.021757333947832,8.252252179676331,8.657281286963082,10.692524318361054
2000-04-23,3.431466011830909,9.36357923417983,9.376707604905185,10.744339942929837
2000-04-24,3.5239376578170907,10.521714166204486,10.263839950861122,10.921264432891842
2000-04-25,4.845859960488578,10.650922243688171,11.761323793476162,11.173365069067883
2000-04-26,5.20342890791831,9.173498825583865,13.36247497318153,11.18214299952525
2000-04-27,4.270127588353909,9.878491094993628,13.475657501005795,11.319725018442288
2000-04-28,4.213538188923946,10.14183587275535,13.647746994153207,11.934708999444839
2000-04-29,4.500691121156827,9.420995221754538,13.676064125173697,12.464994223308665
2000-04-30,5.5575771044684235,8.736066534622605,15.902885633836606,11.586536810628123
2000-05-01,5.053572848043704,6.279594020577603,16.21729978715838,12.15319652160859
2000-05-02,3.811824587973841,5.896116798132989,15.944654245570078,12.072550630317991
2000-05-03,3.100344213553173,7.08860182508581,16.238482485577073,13.12146262525612
2000-05-04,2.955732292802541,7.321618332691988,15.940450688760592,13.480114718773521
2000-05-05,2.70493958239861,7.794142514100432,17.212871734613394,14.900955711927368
2000-05-06,1.965271436646138,7.7360477473323215,18.520101571268405,15.899930458207908
2000-05-07,0.30959396321636024,7.555215790162872,17.515572156997216,14.577406550090398
2000-05-08,0.9017067897186245,7.605814342593247,15.822200037608333,14.133853808131114
2000-05-09,0.6608760507511134,8.0615119052029,18.260020175862625,14.631435460467271
2000-05-10,1.2674997671173382,6.645497497477288,18.08513710365666,16.63890476740764
2000-05-11,2.0416150536961144,5.647976122764421,18.050131416058697,16.144220001884694
2000-05-12,1.7680328586891387,5.0418538732193365,17.209777674416898,15.461685866398163
2000-05-13,2.3916347227982397,5.473705926333269,18.345097424363765,16.174310752717208
2000-05-14,3.9412496395415646,6.802103114801675,17.99986821325528,15.979708267027517
2000-05-15,4.536927622128971,6.648778788279124,19.735013618212548,14.653340619285814
2000-05-16,4.724588096896344,6.609217821483337,20.058731549529433,15.90171855806146
2000-05-17,4.9943646180270305,6.000112616551416,18.720288046602167,16.297574280153256
2000-05-18,7.020492966773679,4.8991474338364425,17.93910080823985,17.932422691419145
2000-05-19,6.793847205739169,5.26238803345998,18.291840915055595,16.944299503740034
2000-05-20,7.012763014533912,4.04201119658451,18.37612728062097,17.818114872559157
2000-05-21,9.701481238017811,3.6682340539565974,18.53113800384119,16.988881178031413
2000-05-22,9.38632269553323,4.25469435352059,20.10482232674853,16.297002830030078
2000-05-23,7.861377217210021,4.062455203359122,21.034587520825063,15.268765753027118
2000-05-24,7.0316615133983875,1.8404538952757687,22.28379834794761,14.447078101042644
2000-05-25,7.050247620133111,2.2012494635053614,24.123741944695606,15.002511427434992
2000-05-26,8.216608542488133,2.0116248054089643,24.839999142458126,13.90278259796118
2000-05-27,6.623835117068831,3.6498883201287895,25.19634757497074,15.088312057350858
2000-05-28,8.211967145132235,1.7612559025390728,24.027473104960336,15.339911309323703
2000-05-29,6.989427054536954,1.3267571109892593,25.112040326056935,16.018990000091378
2000-05-30,4.0480522871687965,1.8233125726058965,23.93777084245221,15.524168107173207
2000-05-31,5.450452894334294,3.905540343139304,24.051158796903636,14.983569468457196
2000-06-01,4.401621634494881,6.286770284479966,25.074716255763704,14.953617870680699
2000-06-02,6.052983289621105,6.886786781457841,25.86874570717091,14.391032960204772
2000-06-03,6.114211616533327,8.300975222545883,24.519528639131877,12.474235174678176
2000-06-04,6.077174288881148,9.273981478843217,22.988617660823316,13.434326855182487
2000-06-05,6.3385708891932495,10.948170553052657,21.93192465654509,13.298341731000814
2000-06-06,6.697121424150486,10.391799852314424,22.030144289119708,13.59744929439178
2000-06-07,7.087152787586324,10.135042119744531,22.889182554668928,12.503813524655817
2000-06-08,7.297941147445,7.739908499523041,23.038751198418243,11.916820744567886
2000-06-09,8.886511365403505,7.417971956117117,23.736420232779842,12.231026765640147
2000-06-10,8.538201696798927,7.598011286034029,23.953432575321276,11.987122327994442
2000-06-11,8.424540839017338,7.586533283096718,24.170388017743846,12.307626215918539
2000-06-12,8.30385107736808,5.2420806997619085,24.49595814982441,13.041441380395465
2000-06-13,8.72504227276982,6.012525271566019,23.505028697880142,13.171258092420404
2000-06-14,8.166507657869257,4.603948759202745,22.962002023158732,14.429163452480257
2000-06-15,7.933172772320809,4.770123478722765,23.45592069014946,14.42165298313888
2000-06-16,8.348682134863509,3.136481597175644,21.775745323240002,13.985551584332233
2000-06-17,8.432880427299928,5.110688030580671,20.772689898816722,14.687870776006296
2000-06-18,7.995883416556457,5.130382045685643,20.287699627495474,15.488220661616502
2000-06-19,8.13598046567051,3.933002438312604,20.065377769153102,15.983767910218772
2000-06-20,7.22253050066638,5.273519729098526,19.979887014276255,15.588008337413363
2000-06-21,5.400628221657362,5.3295447577022665,17.652355831550544,14.369984163867464
2000-06-22,4.9078227973928685,5.845506357362164,18.56004154746782,13.627952135520312
2000-06-23,5.522861609912769,7.089323728735757,19.19502268666287,14.249124428511017
2000-06-24,5.322792574030264,7.2037385419476685,18.705604284633143,13.130312349425312
2000-06-25,5.141344796000009,7.079686751712711,18.74068951042137,13.700742219477345
2000-06-26,5.0628511710990205,6.986427154794478,17.169892105804724,12.57164166040488
2000-06-27,4.661393538619829,7.681287347526613,19.24418683594981,13.512508874359643
2000-06-28,5.338904394939455,7.307148898528728,20.215685774488072,13.326863640001134
2000-06-29,5.339178290510492,5.8683522987638375,19.277446982742752,13.97023451205386
2000-06-30,4.7483008887207445,4.487821960948761,18.78079328239611,13.805052504480475
2000-07-01,3.525201603855863,3.03175111330192,19.85411357530336,13.159279739718384
2000-07-02,3.1085889840176657,2.3911397612223646,20.94749898983866,12.769955170922579
2000-07-03,3.020659653347489,1.8125233231554758,20.04729476712355,14.347885377863204
2000-07-04,3.6201126551845384,2.887497215479073,19.90814158804048,14.7845635174752
2000-07-05,3.42369708491261,3.241331355195824,21.01128791075961,14.264191180762854
2000-07-06,4.6360540439977616,4.301104254978734,21.756522322780945,13.545819600312925
2000-07-07,5.453095085696572,2.895292398580273,21.38236051508126,11.995023015607947
2000-07-08,5.3249873830526715,2.8683322146474053,22.23695625785444,11.80430819633992
2000-07-09,5.390428570993659,2.989397076764625,21.09828144369994,11.201729019155223
2000-07-10,4.2494194609122715,2.1111004692978423,22.083315166172973,12.336345411476657
2000-07-11,3.470653494453286,3.8160362196860964,22.434388840779672,13.266288904105565
2000-07-12,2.934814778810588,4.261535429002935,21.39021158287578,11.975421907105426
2000-07-13,1.932099737828187,4.269099610613612,22.194304979347812,14.531914565674821
2000-07-14,3.0543824447948587,5.419958544865565,25.11463139476334,15.840994163650652
2000-07-15,0.9402537367065547,5.745110437066652,26.440317361053314,15.187435553301615
2000-07-16,0.24179142827234734,4.632002749969101,26.92988104260822,13.469444415476884
2000-07-17,-0.3231084628677049,4.294560505604757,27.52615347574748,12.961933921483121
2000-07-18,0.178925274574672,4.8356358919277085,27.358238385501362,13.216759650768747
2000-07-19,-0.10822735696903713,6.6146914840824635,28.367938210231994,12.175570340956709
2000-07-20,-0.4864632492968159,7.232716045902419,28.152666819935334,12.835932003256277
2000-07-21,-0.5502480090690676,8.07678125680127,27.836141645783464,10.935870571471177
2000-07-22,-2.0681205854347757,8.358327229966186,29.41789144793884,10.851879077321504
2000-07-23,-0.8242336252079723,7.500300554453484,29.013653683096198,12.303038516690455
2000-07-24,-1.6582829538838268,8.895548309414345,27.59237933625278,11.72022148053681
2000-07-25,-2.6541822279646654,9.312491420477603,27.609350506325644,12.890314501223713
2000-07-26,-2.2096779881691213,9.095738880355237,28.57536356974852,12.851496777997044
2000-07-27,-2.2575873098961523,7.748337473517479,29.530535258804072,11.406659941062681
2000-07-28,-3.3167764060696454,7.452851094326821,31.227423282943544,10.823039649105567
2000-07-29,-2.586337246311206,5.789823040039384,32.50105506896433,11.480539152049005
2000-07-30,-1.8440502307945854,5.176792249756718,32.78378706555626,11.193611350230862
2000-07-31,-1.4626547309422173,5.261865654586067,32.038684790463776,11.377761420166204
2000-08-01,-1.8912968137490158,5.921398347401195,32.33360069957871,14.20932091387358
2000-08-02,-0.49718171230327957,4.477667088539829,31.733259559980176,15.686574833511745
2000-08-03,-0.5342546235279565,4.931704010569736,31.2312293709943,14.871504606358073
2000-08-04,0.7361029953073844,3.5245049383554585,29.720463631882097,14.881183770430916
2000-08-05,0.5095464445557332,2.7451688091018407,30.36590291738642,15.656685655891584
2000-08-06,1.3372021372339815,4.268589133984452,34.04439930910277,16.383033702785973
2000-08-07,0.6725516027726753,4.685846392868274,35.03012244188119,17.81118520138121
2000-08-08,-0.5771680048517166,5.51248203323079,33.83226679867089,16.439261410757283
2000-08-09,-1.4330170475166577,5.8332852440964365,36.22527426790579,15.872675405523232
2000-08-10,-1.3203207966393493,4.96799720690352,37.38956078962382,17.485938738128716
2000-08-11,-2.2644200333880877,4.003028041942068,37.13058171681194,19.661344515985007
2000-08-12,-2.549784342268865,4.329865720129691,36.106890585061535,20.880793464057753
2000-08-13,-2.8993529384799643,4.001656255767295,37.44706373624862,22.173522071751776
2000-08-14,0.1952756397886959,5.292636660912711,38.21102932030227,23.93002110332812
2000-08-15,-0.21565248574451656,5.0321921825331195,36.90996152800043,23.498483115140044
2000-08-16,1.5879257742821264,5.43096676449875,38.299354943017136,23.744891043315825
2000-08-17,0.0030428730186451425,6.259744787796241,38.04029036600441,21.9937075325412
2000-08-18,0.517109669184103,6.54485326344771,37.346334175640905,21.12047362565069
2000-08-19,0.4343315173255503,6.523855993234229,37.82644659256692,21.119253507555793
2000-08-20,0.938783420227236,6.803657799393963,39.11648363611565,21.645203855422494
2000-08-21,2.815769509373566,5.588879075574885,39.345030657418356,21.505265009761953
2000-08-22,3.45722407041764,6.942914986201987,39.343437087560154,20.70884525821193
2000-08-23,3.257233604671317,6.66226371566301,38.711539624447,21.55395041948004
2000-08-24,2.324989775455039,7.324666028352237,37.93419909082621,24.525625244285028
2000-08-25,3.0710838078688583,6.807020287356629,37.6143494543123,23.964510905689146
2000-08-26,4.085294352506299,6.998878406706883,36.13809701920253,24.869137568120916
2000-08-27,2.8824352563783084,8.053451811105884,35.261025639031935,24.961047568232598
2000-08-28,3.979753464121825,8.526876760098954,34.7751117081691,25.968264158545708
2000-08-29,6.564640411471448,8.245313938078642,33.23810838744349,26.30655340738783
2000-08-30,7.000916070183418,8.174232861609152,33.63914184909003,25.749718812684797
2000-08-31,7.754719568911662,8.326689032167563,34.891597105086895,25.84503210646931
2000-09-01,8.045412224979602,10.414161290418605,35.41745228390877,25.7897985552595
2000-09-02,7.3559721420991036,10.353869047219042,35.76183131992851,25.187168360653146
2000-09-03,7.866461656694561,11.863625861617765,35.1935760431453,25.123396169300868
2000-09-04,7.375544359312884,10.891158298541631,35.07446971048192,23.66425804859063
2000-09-05,7.302852380438198,9.403728891314081,36.74561759182936,24.40357272294617
2000-09-06,6.415348643332445,9.343675041209277,37.81436223822223,25.425106506583845
2000-09-07,5.477892835586037,9.170405934716925,39.71010868221988,26.37097582443654
2000-09-08,5.426083399828336,9.261132929189623,38.87768160385816,25.612914750692255
2000-09-09,6.231887926028691,8.565237650469102,39.44504664168682,24.605553866822483
2000-09-10,5.648692161669949,7.772780381288431,39.9641225179828,26.91183993048463
2000-09-11,5.479173831863606,11.013137997035802,41.84922611356903,26.68534884644399
2000-09-12,5.500279459072604,12.616005135632996,44.025082606478136,25.93696655247162
2000-09-13,4.532051856123835,11.935142775509096,43.597745973752986,26.48576391338574
2000-09-14,4.372737353366823,12.966366635321615,44.95493577166976,26.604029475125415
2000-09-15,4.055383337430369,11.657966845012938,45.16179465779471,26.942085017330342
2000-09-16,5.272862617904059,12.554793659449416,45.145653781059366,27.846610270491528
2000-09-17,4.790472391805611,11.430853459446283,45.03439737127995,27.116847478870827
2000-09-18,4.695569731673555,12.118474130170327,45.25182262011322,27.19524425867079
2000-09-19,4.975557747668565,11.44643431531324,45.879603129752155,26.8754253303578
2000-09-20,4.743119186501637,13.18889495779787,45.93149181278227,27.58427535384442
2000-09-21,3.0848717966739603,14.432191922942183,45.780622565983066,27.37845517502639
2000-09-22,2.60613621248609,13.005077182241692,46.04599883603118,26.918170523743274
2000-09-23,1.682258572039724,13.985144612521944,44.291166891637445,25.471169608068294
2000-09-24,2.5352807869179053,15.416909267840056,44.073463518312046,25.699532141073835
2000-09-25,2.7464349952448592,16.465114531509343,43.050181366510685,26.612053439509353
2000-09-26,3.559513942262599,16.31419098395741,41.310499633886366,26.77902311317494
2000-09-27,4.042127772504263,16.221370560532836,39.14766851637608,26.89208279684739
2000-09-28,4.062765205980913,17.46013760871405,39.652831999534634,25.43839098132533
2000-09-29,2.82122029495346,17.427949389808166,40.40729369143018,24.47271267906596
2000-09-30,5.062364371234015,18.212349196441053,40.85510561105022,25.878959808071407
2000-10-01,3.6285614473676393,17.686519901583942,40.834790747653464,23.238824185886433
2000-10-02,4.261723203199247,17.74342576992142,41.58285377442467,22.710014963110137
2000-10-03,4.187206521788701,18.03934184591039,40.81631793276552,21.184746598879695
2000-10-04,4.020844728010742,17.992582936420373,40.76448470825371,22.6085562041319
2000-10-05,4.4797053758291385,18.91393632210653,40.38473845689119,21.344542208659952
2000-10-06,5.317390136639913,18.67403103132867,39.39026741968775,21.665577278469655
2000-10-07,3.3370104427671765,19.544500289374092,39.69351718385189,23.30155177075621
2000-10-08,3.4452478298538605,18.89306777116218,40.26481306055086,24.426652469612385
2000-10-09,3.0440953800761994,17.89504473772462,40.396741071824785,26.356829138085324
2000-10-10,4.084542381874895,16.884091396478745,40.35671965911907,26.05667391024662
2000-10-11,5.180117385269631,15.193516785464908,40.236343038459424,26.977502053430463
2000-10-12,4.607040069962768,15.18449333185178,40.648453923330784,25.19772370103896
2000-10-13,3.5590928647969036,15.613793755760966,40.028031673099676,23.274312628538283
2000-10-14,2.75267040546185,16.82615930133766,38.626260401262044,22.6056108923797
2000-10-15,2.6777597983117594,17.47912238954856,38.71132945554365,20.733496149605706
2000-10-16,2.6368646368255715,17.252800847452217,39.55457103348276,19.799444018971222
2000-10-17,3.6335925710652557,17.758308500154126,38.8354240414656,18.295301924998995
2000-10-18,2.7763527675029653,18.32954119118314,37.28762526373403,18.65518661113085
2000-10-19,3.267624554633519,18.18666223313762,36.08794065205657,18.172576589553177
2000-10-20,1.7033561870408676,17.945536598505104,35.704966199562264,18.492204222673106
2000-10-21,0.9738759243327011,17.829588466997905,35.83528739860106,18.18570937520133
2000-10-22,1.0627073900031894,17.09740412526733,37.35383099079393,17.904219742551902
2000-10-23,0.7461520251959486,16.52441951370417,38.14123510756119,19.0488764939424
2000-10-24,2.1426288555910356,15.831244770898643,38.691143407103155,19.4899406574111
2000-10-25,1.324161165505512,14.579090707142498,37.59593644356091,20.179363647578008
2000-10-26,0.4922639283879331,12.902193924528893,38.33016076886058,21.03251238221242
2000-10-27,-0.640143499821769,12.127708717906323,39.567588410296764,20.236630085381606
2000-10-28,-1.4786145022234058,11.943828547302342,39.09243897757591,19.687071261711264
2000-10-29,-2.7808965211482493,12.035088442138788,39.331764256575724,20.980367702828588
2000-10-30,-2.0409981431599835,12.336031775287505,38.98595399132677,22.754050898783106
2000-10-31,-3.1312863948730394,12.098551182805476,38.61907756125307,24.192245942222588
2000-11-01,-3.2476862096477745,11.951454484051192,38.23183319874041,24.091380559142394
2000-11-02,-4.3911362996772025,12.454248746735288,37.73120778256861,23.56010317695787
2000-11-03,-5.073907283944253,12.725774396733023,36.78692897478616,23.831646154345236
2000-11-04,-6.113191425173178,11.049377229712986,35.63480874379243,22.248377669392525
2000-11-05,-5.380476432022531,11.058031513187807,34.8439021487259,21.084092614184847
2000-11-06,-7.643912866130058,11.50258851320704,34.51261599424738,18.686881260203467
2000-11-07,-8.645570377101059,11.551293891443555,34.83800452291062,17.19814824488713
2000-11-08,-6.4526669406356305,12.330273638971477,36.18643426535891,16.267199280355445
2000-11-09,-6.865112051737092,12.990843433341759,36.665322850670435,15.710275716499153
2000-11-10,-9.326945346557416,14.26569753320142,35.75331910682009,18.14728026060887
2000-11-11,-9.275803842338137,14.983813260010464,37.043946091104615,18.024897927834832
2000-11-12,-10.015682953722685,14.567854067274013,37.570785595906166,19.561178243464564
2000-11-13,-9.050926667860994,16.5600556926687,38.98296408385452,19.124898679799003
2000-11-14,-9.155153381565228,14.122228095564736,40.6454804545465,20.319729613830077
2000-11-15,-9.290807836340312,14.459136720425436,39.13824418776497,21.24057332023663
2000-11-16,-8.170236726463179,14.760136738347558,39.896597582895616,22.365524729460734
2000-11-17,-7.256218624391632,15.608702348626615,39.01271261625061,22.78325172228515
2000-11-18,-6.296162200178372,16.08140678594632,40.07341521217611,25.030492086188556
2000-11-19,-5.590993343888813,14.66590028089932,39.47295622633387,25.213425867480566
2000-11-20,-4.5374365451948275,13.695722141683188,38.25795683197157,25.811650276379094
2000-11-21,-4.954399040527317,16.663295094185482,38.17000457516524,28.03667272708889
2000-11-22,-6.193187530770471,17.02060577300691,37.296610491956365,25.925627998513992
2000-11-23,-5.700867689371207,14.950888060352199,38.359078724968235,26.410312230685793
2000-11-24,-6.864826531874124,15.805272479053816,37.04493281385643,25.3124527732677
2000-11-25,-7.222832912943502,14.719645100000859,36.87942179880556,25.410607271368487
2000-11-26,-7.930656297543465,15.08502211227501,34.7816578576112,26.748730078407263
2000-11-27,-8.20896994510416,17.113373474172032,34.52263385806437,25.949568217032304
2000-11-28,-6.632282326355934,16.608673485438693,34.976027293508295,26.941877591075606
2000-11-29,-8.768324891375787,15.142136554924225,33.686588732851206,27.212393751724157
2000-11-30,-8.058201234501416,14.304555840856949,35.05634763890028,27.20434336355094
2000-12-01,-9.925042883803906,14.78713995508973,35.650941000772406,27.476585488721682
2000-12-02,-7.584813889930441,15.316791980584465,36.647549113572005,27.17745878343209
2000-12-03,-7.439743416092663,15.975487397863114,36.12059964367226,27.818181219010985
2000-12-04,-6.450678834593577,16.363365626088175,36.56925188073728,27.854507622339792
2000-12-05,-7.158943537079083,17.399074628327806,36.840771346978286,28.080457468545813
2000-12-06,-7.014343916289744,17.985557181464575,36.69851583087341,28.580782520644497
2000-12-07,-8.12225225835442,17.42327879739193,38.06935935863305,28.708461089379586
2000-12-08,-8.997720150327693,19.32001471482218,38.79345358252899,29.39561028602156
2000-12-09,-8.045329308320664,19.220256961322185,39.18650534554326,29.145160709853265
2000-12-10,-7.110636544650753,19.21973572747897,38.55567499490507,27.679973751800937
2000-12-11,-7.6463487633343945,17.882021153761016,39.22366846001446,27.215722183743015
2000-12-12,-7.880225063851069,19.069944795923156,39.11025188067965,28.38338570182748
2000-12-13,-7.268743192217503,19.342200494980705,38.60425855345812,28.326336811135118
2000-12-14,-6.726603327216318,19.70682604091916,38.83375722496555,27.52662728414635
2000-12-15,-6.4958562583216235,19.511655496600866,38.48443212677108,28.78848722940041
2000-12-16,-7.604261829649316,19.68217355683001,39.04719707345452,29.894819039286357
2000-12-17,-7.38504844619386,18.94386626405233,39.49369982348265,30.26261916010063
2000-12-18,-7.5743202332082955,18.328104232488958,39.69578149817542,28.870573922366958
2000-12-19,-7.6419261212884875,19.84608506923406,39.95629044382713,28.50094582325724
2000-12-20,-8.52534900071518,19.293139492706803,40.936418302666866,29.66379237363423
2000-12-21,-7.913111491697495,19.515021638505175,40.18072231423265,29.9140246617778
2000-12-22,-8.449531080120808,22.22012587517307,41.02005225167962,29.790404739003876
2000-12-23,-9.134512270598144,23.536002590889378,40.09110764398426,28.014336551927915
2000-12-24,-10.5422399684088,23.88783924404449,39.79749785257123,27.33320419977869
2000-12-25,-11.321305504519781,23.677526899726413,40.31307373264225,27.9704465744819
2000-12-26,-11.360939721069348,24.198329331389775,41.61506633634239,28.476391467999704
2000-12-27,-10.421978950214275,24.62483904208765,41.2972025617585,27.734515870606966
2000-12-28,-9.596205717374906,23.672360483384985,41.25268619793569,28.091308129892578
2000-12-29,-9.007116520225297,22.464102376660264,40.12350358477716,29.44395042239303
2000-12-30,-7.730095913760714,21.547952861135098,39.72923519438068,29.765030304331514
2000-12-31,-6.494671957537469,23.776653922753827,40.47723790981785,29.019350264231228
2001-01-01,-6.10330062562587,22.33280721661639,39.60154836689637,28.942091874660857
2001-01-02,-7.38593614554953,21.500652276065473,40.46770518691914,29.675019392410483
2001-01-03,-6.385933622451345,20.823636817540887,40.68631756489085,29.601275715102332
2001-01-04,-6.448943467104848,20.980293006969475,41.631180913711844,30.747120238137228
2001-01-05,-5.157736933248773,21.394773581470975,42.23473544037337,28.23137623803189
2001-01-06,-6.0807095895499375,21.603043036479015,41.783078055474206,29.62552235738147
2001-01-07,-7.453533431675707,22.562676492290105,42.608895971343664,29.013117099023194
2001-01-08,-9.065531599179112,21.80391120722788,43.60866630521711,26.91687966583456
2001-01-09,-9.430571607575843,22.715236095944338,43.93940236661849,26.046538990439572
2001-01-10,-9.494168316369242,21.63246080533664,44.53470002961558,24.513323417127417
2001-01-11,-9.186673430426309,23.212160444158748,45.65207486892655,23.837242751847665
2001-01-12,-10.488810805308013,23.164034434882293,45.9576904837758,23.88085680565865
2001-01-13,-8.738109926835731,22.396553181892976,45.879072249968175,22.01290284618201
2001-01-14,-8.935005489664212,21.6029179381991,46.38968779048901,22.15642471623189
2001-01-15,-9.801668296425715,23.551145905207843,47.83971453109425,23.45023997787816
2001-01-16,-8.200871110896166,24.860177692537885,47.67236462339677,24.561663463639686
2001-01-17,-8.329856483481269,25.150102525946078,47.276302166523166,24.38029823275659
2001-01-18,-9.28416834298056,24.430669909273057,48.99578289103177,24.5957753442554
2001-01-19,-9.47175657972424,24.619274596060965,47.78113316299468,26.474106281636647
2001-01-20,-9.746464760210078,24.906487857526287,49.14248597941842,26.79617110824829
2001-01-21,-8.063675111829117,25.00149494228809,50.13425491631371,26.91092624846513
2001-01-22,-8.438774289956793,25.034776537115278,49.139443315922485,29.47656502113668
2001-01-23,-7.792128472150398,25.808839201155312,48.10513186124199,30.120247486555513
2001-01-24,-6.925080972233847,27.92176471047331,48.344354518014114,29.182720735474252
2001-01-25,-7.431976803689682,27.450737418009457,48.627041187091756,29.016717903700727
2001-01-26,-7.487644709344208,27.450037263892828,49.209700530943266,30.385578066018994
2001-01-27,-8.338329268119383,26.630939276234095,49.18610636250731,34.01562829803644
2001-01-28,-8.455237359102396,25.394284777829068,48.020698355459416,34.077044020772114
2001-01-29,-8.525513442575159,21.992063190845155,45.60850034419773,35.90188202481496
2001-01-30,-8.682250725919411,23.469857753683247,45.37950850934393,36.27849763284686
2001-01-31,-10.909385364244557,22.930567102916992,45.32738993183796,36.89479547486663
2001-02-01,-13.249437003010016,22.636160406320833,45.25510993503619,36.29815679465894
2001-02-02,-12.311289396796543,23.657166091868042,44.11588913772922,37.12384497571935
2001-02-03,-10.648264690372105,22.446762503402173,45.51525029533649,38.762697743596576
2001-02-04,-10.017646867561258,22.162261484044453,45.991958833127164,39.15807756017086
2001-02-05,-10.951270146237169,20.321999290723763,44.61327999313804,38.73824974679784
2001-02-06,-10.014631481943402,18.888759637967844,45.79721726975707,39.72438358353205
2001-02-07,-8.566368247528482,19.78260730386854,46.47746307830158,39.768148240538515
2001-02-08,-6.553603394431314,19.41224290948093,45.90419858378752,41.45570941403621
2001-02-09,-6.149894150528108,18.97497988829206,45.98992720043753,41.505165313485044
2001-02-10,-6.741703910105109,18.701777668271262,46.134832595083644,41.590969441158286
2001-02-11,-7.516629440628849,18.828344210042594,44.79771248855474,42.26209015534967
2001-02-12,-6.8104898747347455,18.673410497629373,44.74070296540771,41.318311314143884
2001-02-13,-8.919403443609976,18.69651442748103,44.10455036974275,42.105032058219834
2001-02-14,-8.205732225047155,19.53905428128453,44.218256910733295,42.55107083967133
2001-02-15,-7.771557594159927,19.22139282024298,43.587931918193235,40.94987694736219
2001-02-16,-6.838287632315238,18.840412515147417,42.23951941649484,39.31969781595895
2001-02-17,-7.686656391920026,19.07208993237063,41.88243640750875,38.83576149812066
2001-02-18,-7.99536698038118,19.108420645707884,41.75021311679584,38.2209229247276
2001-02-19,-6.191538942049726,19.52024035344116,41.560666201843546,38.55993208522815
2001-02-20,-5.450226901015049,19.4022784459462,41.44139841390333,38.04458889411173
2001-02-21,-5.143095082504805,19.826113334894142,41.88324017113693,36.55965805879335
2001-02-22,-2.7908691036711124,18.28402151088194,41.341587474426376,37.78114643393813
2001-02-23,-4.043934549220572,18.008723011858194,38.52158131141356,36.736083559768744
2001-02-24,-3.8098984538804337,18.145530664101763,38.04884070738416,36.95310805159553
2001-02-25,-5.052882906261963,17.813866217992373,36.416913076486686,37.3494260191879
2001-02-26,-6.386594464977084,16.89370552609735,37.1958383129171,36.463210315319664
2001-02-27,-5.599009974808245,15.951881242819827,34.72877304971685,35.12700044126274
2001-02-28,-6.231300746399941,18.081433345284307,34.466224980553754,35.65086240677324
2001-03-01,-6.247495086844113,16.753877771706616,34.2743475065313,35.922101680594174
2001-03-02,-6.637230200419484,15.607460131168304,33.98194431098419,36.14513791522451
2001-03-03,-7.561104000939116,16.530254847610628,34.57848352041096,36.86085883614688
2001-03-04,-7.364407466829659,18.170332570189878,32.80571791235531,36.35605623696325
2001-03-05,-6.2555402571615275,17.832242554050616,32.987048326774655,36.63709692281778
2001-03-06,-8.617976203370361,17.527891151244376,31.785997160828554,36.35128111030298
2001-03-07,-8.62374109094467,17.928627387292615,31.632157031838613,36.61112438473799
2001-03-08,-10.034737513139385,20.744217744529195,32.220002962872194,36.32905890180404
2001-03-09,-10.548599338980932,20.206390139834483,32.43808539996984,35.70224720493882
2001-03-10,-11.979491363737939,20.532327502339477,32.92368759854816,35.42190480890068
2001-03-11,-14.404209183982168,18.243910822376904,33.29432615991178,36.63839318242778
2001-03-12,-13.77563266614576,18.556912836713224,32.13538026816003,37.44230570829935
2001-03-13,-13.671640171160913,19.350770864921643,32.98673586935808,37.70361452443575
2001-03-14,-14.799449288182162,19.921224233360444,33.025291892666175,38.069534700011864
2001-03-15,-13.461811780296053,20.401585843462644,33.550345768126846,37.5619671205865
2001-03-16,-14.292253781562719,20.090872897131188,32.770880147095575,37.97019162977501
2001-03-17,-12.821729396289212,19.95060922969448,31.700553121691318,38.00768619533482
2001-03-18,-12.301358627158308,20.01350790192378,30.46095063878775,39.252650929957625
2001-03-19,-11.029782435836704,20.3325625202361,31.24179649904066,38.58375207003487
2001-03-20,-10.925360863974571,20.50545493038921,29.611635282916016,38.73003005140751
2001-03-21,-11.678339670779083,20.208437506708492,28.14653606550644,37.941597581994436
2001-03-22,-10.102261481943835,20.88940511580942,28.19213579449434,37.34501524992821
2001-03-23,-10.361956242072303,21.209659753244647,28.96364101826598,36.195422234245015
2001-03-24,-9.050773027891779,21.970903416114016,28.595121494476313,36.40951751426134
2001-03-25,-8.105203710054552,22.958290727131914,27.38366649707894,34.687204441870726
2001-03-26,-7.816744218375711,24.644115339111533,27.210760569097324,34.87769808284119
2001-03-27,-6.977308687265141,23.571955745445692,27.181298059683172,33.95629816833896
2001-03-28,-5.525481984120457,22.024330187429047,27.32970718039421,34.04937421432684
2001-03-29,-4.735818759858067,21.48110524241568,28.104148131968365,35.621937409677074
2001-03-30,-6.200971650931321,21.497931286765876,27.384277044527796,33.81078741023938
2001-03-31,-6.42865329888709,20.2257593901401,28.095889135526264,33.189786454254204
2001-04-01,-5.841907719241211,20.432461590536136,26.7839568615309,32.07909409169604
2001-04-02,-6.8235724172625005,18.965547989680545,28.26113089226617,32.269932001108465
2001-04-03,-5.994515365928004,19.66399797272868,26.836663188842603,32.60482761810564
2001-04-04,-5.570304159548991,21.193996649557093,26.19412012122907,31.436821425213207
2001-04-05,-5.38794174405529,19.719432755672635,24.83152414191279,33.62248790757046
2001-04-06,-5.108401601555792,18.542174187741743,24.334434682218998,33.134146030884104
2001-04-07,-5.375039739494967,19.001459471301775,23.956536954421104,32.76829027292034
2001-04-08,-4.780346235335497,17.638725101412252,24.09176520445338,33.48541251857368
2001-04-09,-4.640302370818079,18.038351213253645,23.925346572340988,33.77561080832358
2001-04-10,-2.8699857108022044,19.28233061802622,24.142437757433377,33.599736644673825
2001-04-11,-2.6945449149254617,19.033788802220503,23.485598486453306,35.10007375659161
2001-04-12,-2.8511941191544286,18.507678779713817,23.84803008465466,36.55037419855286
2001-04-13,-2.703801103028346,17.841153491805997,24.67589992403982,37.720827655999976
2001-04-14,-3.460187284960726,17.479566718841706,25.94554690294696,37.296963261065315
2001-04-15,-4.8113574006592135,15.925313624419905,26.095241732885903,37.968052222595006
2001-04-16,-5.173154030237553,15.00551145596096,25.34468037005288,37.83076098981685
2001-04-17,-5.726177557852111,14.633086332767595,26.46399801990304,38.14935232613585
2001-04-18,-3.579091251594801,15.791288753396618,26.632930093254863,37.626766695760324
2001-04-19,-2.4472743121437794,16.019570258703297,28.599425714861646,38.198923861523305
2001-04-20,-2.7080610426037057,18.495514878089132,31.20612546462831,38.331292909195874
2001-04-21,-3.6592523146532487,19.068961371121198,31.208932403317565,36.967233002497316
2001-04-22,-2.2225952359410157,18.058785647070458,29.686537384034665,36.62290057436591
2001-04-23,-0.8394928703366455,17.6332101507833,30.676964117063378,36.68354346219508
2001-04-24,-1.6817259890715635,17.791359207960845,30.92289989459441,35.2711994120301
2001-04-25,-1.8859024691201265,17.939710934261836,30.38973168226753,36.03009797998308
2001-04-26,-1.7131587491113565,16.62224717945889,29.584802582305862,37.16993847585164
2001-04-27,-1.0661806076029938,18.521531715663794,28.092874372906515,38.9193252392233
2001-04-28,-0.07403132088936593,18.769426824897476,28.6267647438055,37.833871790550404
2001-04-29,-0.5500009711219062,19.36293065109644,29.748227633560358,36.37359136097723
2001-04-30,-0.17462380569617658,20.659608635259385,30.271298548653597,37.04539652340483
2001-05-01,-0.795276696189732,19.253885617947457,32.39876020285339,36.82217331327205
2001-05-02,-0.9997267774827423,16.105195414265605,32.37010885698666,38.18773361284953
2001-05-03,-0.28015014164838026,16.76848866381678,32.56229767118185,37.427033620560294
2001-05-04,0.009806030853225067,14.818564315319833,33.7921075097418,36.06295916377429
2001-05-05,0.4768650003112464,13.990330739455883,33.86288246528559,35.03321523478483
2001-05-06,0.4467972563721263,13.481881312095817,32.105053610146065,35.65032454172315
2001-05-07,0.6468545767227988,15.567098844677313,33.97283503084052,35.18219873956858
2001-05-08,1.4900699448763817,16.356879823126057,34.41307625786885,34.08988033343953
2001-05-09,3.1732505429298743,15.451961226687686,35.707339105618836,33.64393988981874
2001-05-10,2.011977404436141,16.346371506225957,36.59372390350231,33.1839098871829
2001-05-11,4.09662497810063,14.80090595935549,35.841696851561245,34.20660086457
2001-05-12,5.051028919765828,15.897343779490988,35.21664340055995,33.13013671894805
2001-05-13,5.459940262386422,17.359593603264088,35.575829729933616,34.529260315217634
2001-05-14,5.396747868522754,17.932520881179574,35.66544983212607,35.570059066070456
2001-05-15,6.0813105410698185,18.524521929596418,33.56090957599701,35.49434373449581
2001-05-16,4.951145092731016,18.351959598931952,35.040236900954305,33.76960668752934
2001-05-17,5.145399814417672,17.791994245041085,34.378637473832555,33.281622583849845
2001-05-18,5.292075955941926,19.23051740100863,35.15098457052332,34.00162527312531
2001-05-19,4.587403506407343,18.752381841237575,34.84908186876542,33.06928176830443
2001-05-20,3.925367261695934,20.262418829294685,34.809563979073346,32.3165262261694
2001-05-21,5.18593993338115,20.65079444868644,34.02769022125275,33.552217210974575
2001-05-22,5.676996244838925,18.325230309634502,34.61888197911904,34.12944999922185
2001-05-23,7.228205424722768,18.912442415870178,35.12744728440248,34.20044715828971
2001-05-24,7.64202885221772,19.6503347901787,36.82084173231644,32.89851474187354
2001-05-25,8.37353809242748,19.035525348314017,38.09410395693965,32.63793147390759
2001-05-26,6.927773972254146,17.559080793933102,39.09361653520728,31.871780837381994
2001-05-27,9.303630124670702,17.88532168585327,38.715329427462464,32.65226330965721
2001-05-28,10.153480290847998,18.537099403236677,39.859907595679545,32.93922061205308
2001-05-29,10.437853062349024,19.266505115794857,39.72825334546543,32.369141258798976
2001-05-30,9.136887757428223,21.856968569309814,39.449086493589576,31.754447460172027
2001-05-31,8.921647148849715,20.843291760372114,38.85970161394461,32.25095570312935
2001-06-01,8.871366654640966,21.620130056869957,38.905998027254434,32.48917756380054
2001-06-02,8.94652478975906,22.07749823825168,38.68516402516602,32.096252194375595
2001-06-03,8.555971767434551,20.38945691563429,37.45219545878931,33.261884901877536
2001-06-04,9.306518016354975,20.846398530183322,36.95186167871941,32.883998513929114
2001-06-05,8.854766509202058,19.399455463077068,36.43018877755419,33.20619715764627
2001-06-06,7.189450167506175,21.11067313440143,35.4654210540245,34.92866887309624
2001-06-07,7.846472877165787,20.67578575477649,35.469727632999,35.51563804123444
2001-06-08,6.065952429608723,20.302906235966812,34.932222624423254,35.63101149792104
2001-06-09,5.251510225476186,17.766635007186842,33.21135126366246,34.34460205175657
2001-06-10,5.841857480903585,17.82580018211178,34.92925298189169,35.83838693728927
2001-06-11,6.0350771408857895,18.439114038001428,34.417621526269016,34.680076361001994
2001-06-12,5.941575917003776,18.184232588301345,34.486207279983965,32.628497695968065
2001-06-13,7.372555115434065,16.48404038688462,34.94648428747932,33.80185153833837
2001-06-14,7.856608197776697,16.31055840109808,34.66304369189414,33.93867487271615
2001-06-15,7.488270026038652,16.180193454189308,35.51474256250849,36.09102730565124
2001-06-16,6.774834311390819,16.295980078252224,34.84727143761838,36.49072555796747
2001-06-17,8.009407942511984,16.206684805215335,34.37443903569093,38.29022991159023
2001-06-18,7.851033816641448,16.648665668923353,32.01340954450144,40.32125264816271
2001-06-19,8.68640403660315,16.85951667374809,32.569084056892976,41.266655764207385
2001-06-20,9.839323178420067,18.49004867192417,32.51896072381996,42.374469334228294
2001-06-21,11.362070448055949,19.911747420272274,31.211389694371704,42.842118777108816
2001-06-22,10.927883858272626,21.21285940134604,32.33158172868886,43.11657492574022
2001-06-23,9.579131277053431,22.635735021415137,29.629935741156785,43.37457765651889
2001-06-24,8.928337540208085,21.670991434230018,29.577364625105417,42.27141046707619
2001-06-25,7.034097064360266,20.59865666406653,29.375466990173713,39.58347157853777
2001-06-26,6.064156612185028,20.852051311089653,29.37913393294366,38.1592363848206
2001-06-27,6.435029165005032,21.47784286197264,27.90286351484804,37.259644809262454
2001-06-28,6.661896476653906,21.73640640169063,27.248225657459038,38.34391302876776
2001-06-29,6.6775654067185,21.992080044884478,28.468586187151075,39.49423629173128
2001-06-30,7.7236890016587445,22.25722222532231,28.731988603002687,39.658920325187786
2001-07-01,6.810860892725215,20.33378736371599,27.9624886219401,40.07243599177085
2001-07-02,7.164682878704778,20.814042789668083,28.247852026036025,38.69165998318846
2001-07-03,5.707997322090151,20.867220254513136,25.697409222351556,38.26654477736722
2001-07-04,6.183967513212054,21.81177636488603,24.84787177288595,35.43870678406729
2001-07-05,6.12359951626431,21.71257965816872,24.6075007848312,36.123107074556536
2001-07-06,6.36372563973631,22.46557919515079,23.52809502607214,32.88698949714116
2001-07-07,7.076632543517943,22.017703174842104,23.30298487218253,31.845275532924216
2001-07-08,9.2373426245982,21.6383948110335,23.694915648033305,31.4093387903711
2001-07-09,9.067090377750661,21.262115791743128,22.735426025133435,32.671341982505965
2001-07-10,7.6642106643109384,20.624558334979145,21.90792842361383,33.679185138932205
2001-07-11,8.069513167918752,19.684352934035413,20.57279986550317,33.646491152295205
2001-07-12,8.147447697168142,19.73701265706455,19.48321435518694,33.96758847779054
2001-07-13,9.714776621855888,20.197410504107026,18.00860236974443,34.1063455948691
2001-07-14,10.782158200715292,18.92998205401303,17.34628958691899,33.544872675525646
2001-07-15,8.524386521686875,19.191006870314123,17.89493148729468,32.055095247307186
2001-07-16,10.504461870596826,19.261298879285626,18.45652857620838,32.78090851640118
2001-07-17,10.23734537137269,20.116555614895134,17.07334345811061,33.08173909067519
2001-07-18,11.215470116556535,21.799528627801365,17.256043616963716,32.94939662576814
2001-07-19,9.567579202367103,23.30974687029214,18.440673803183298,33.26488246677823
2001-07-20,8.497616232028914,22.559079730419857,19.448832621590913,33.65506876413658
2001-07-21,8.003370961158884,21.662793323219955,20.043514622725475,33.13339109775989
2001-07-22,8.10378180852712,22.769982316487695,20.812765266983114,33.716405666530804
2001-07-23,8.54561000397114,21.390554853091952,21.608804948755612,33.77777105005691
2001-07-24,8.29372637487933,20.65144147324094,23.091233613188088,32.8446644957978
2001-07-25,7.436985339324449,20.45482236323568,23.00292339464969,32.35700376937025
2001-07-26,8.44527376853943,21.019911273669134,23.842399825209046,31.47997522581431
2001-07-27,8.805180016937896,19.58876855447472,23.513129143386035,31.286794755579958
2001-07-28,9.859205303477193,19.455945693737085,22.674902659333938,32.16168253090117
2001-07-29,9.555466059388893,18.845720741992256,23.65032629354679,31.432079473384643
2001-07-30,9.985174893817364,17.86481891536003,23.93155684541109,31.02557321688923
2001-07-31,9.472878804905346,18.143597079570355,24.479206938069638,33.27271700917877
2001-08-01,10.058628799913148,16.666435427833555,24.135782563665828,32.97502934273912
2001-08-02,9.295953573828877,15.589480928626028,24.146276134497484,32.29747657675254
2001-08-03,7.654803327548202,14.736990787575836,22.486635114879384,31.586982654835268
2001-08-04,5.625909297067432,11.626403063685514,22.085385416682808,29.536224570267834
2001-08-05,5.177920737106711,9.643933193390009,21.366254290494815,30.453514619093568
2001-08-06,5.9348459442358985,8.98995263889217,20.177933106772738,31.925061948578875
2001-08-07,6.060122013933054,8.740978258301972,19.545358484750974,33.0719859174652
2001-08-08,5.781160929629794,9.263523178685872,19.813469937072732,34.76057392496232
2001-08-09,5.8904188456966,9.988222569247236,21.764105631933575,33.94980038949132
2001-08-10,7.657445449238551,10.432518751496874,23.099100413843196,34.36907047603304
2001-08-11,9.144216501770714,9.753004300739253,23.585296639804366,36.49466018339327
2001-08-12,7.801598163709955,10.437375074574447,22.255507054015055,36.44732567014587
2001-08-13,7.8669162250488185,10.42808390228361,21.545834738385427,36.301322994571876
2001-08-14,6.995168557616325,9.988627170866103,20.114628649489706,37.686191330724824
2001-08-15,7.648891328507205,10.423553758214076,19.54903119366148,38.135011172987475
2001-08-16,7.577487144692885,11.256228970887301,19.026338145726868,39.43343595409456
2001-08-17,8.497418285837911,10.608808960394963,18.639140349490745,38.99583843810341
2001-08-18,9.570655639068596,10.51377170609148,18.630784137499546,38.72010990762945
2001-08-19,7.927148848607388,10.92936289668736,17.60183990105039,37.412939850111265
2001-08-20,8.209151448268674,11.070796224876371,17.52468531739383,37.58960430927932
2001-08-21,9.054911331539625,12.705384621735574,17.78264353161152,37.94613318148086
2001-08-22,10.634826477048321,12.478835817419,17.404373575845145,39.94277990121648
2001-08-23,12.935466635708556,11.205829785724085,17.521252699408002,40.152244976339766
2001-08-24,12.75031283660086,12.218707338756774,18.081358494966924,39.52761456632959
2001-08-25,14.312586241509498,11.901583708287493,19.30638078051191,39.05298531502802
2001-08-26,14.673978945787956,10.219118320076376,20.14644935215022,39.72465713856783
2001-08-27,15.42726383102696,11.200251083383002,20.77819940627196,38.334020423942654
2001-08-28,16.58920034892564,10.81937304812731,19.841518278629824,37.91778087340154
2001-08-29,15.336771977077955,11.028612865121767,20.234933335426273,38.99576149462497
2001-08-30,16.124088507910947,10.111694543340505,22.64498004601867,38.4771751507151
2001-08-31,14.858470768673763,9.379565314888842,21.534824693964516,37.75940745980706
2001-09-01,12.61124851694716,10.029428344730055,21.7160088811308,37.47365784889593
2001-09-02,11.538319566331406,9.11832634700159,21.006864637620286,38.0822993530537
2001-09-03,11.659204818975907,9.713568615621098,20.5493306625455,38.20667535809311
2001-09-04,11.076055337561755,8.302461918016606,19.934351618553563,38.45011291473888
2001-09-05,11.673794892983944,8.007634084756708,19.592675150022906,38.815670265580664
2001-09-06,11.780998904299212,7.924279803626465,20.060629125154886,37.14695619050123
2001-09-07,13.514637672380465,8.666385382088249,20.347369592350706,37.74276107292945
2001-09-08,14.651625206584677,9.044681822319978,20.076239630594912,37.331918793832244
2001-09-09,17.013459112354695,10.356344062223073,19.87554591364267,36.9386146615614
2001-09-10,16.43170172351581,11.160217103975658,18.629671309127033,37.27925136178938
2001-09-11,18.375898084937717,13.302506130873043,17.818530969109254,37.845881607620065
2001-09-12,18.16872364818418,13.237307122768271,18.434453549407653,38.62258177826892
2001-09-13,16.382515170239504,13.355282944824959,18.609354772827785,40.60849603691395
2001-09-14,17.194343859909257,12.988270749910718,17.91517412860797,42.31513996112827
2001-09-15,16.29546430312444,13.971562254733868,17.820466948268123,44.43638204820127
2001-09-16,17.260594689009224,15.286471109487962,19.020704480111007,44.77011683474811
2001-09-17,18.48321880225336,14.83591368844956,18.807420230467432,45.71313109097575
2001-09-18,19.198032295152405,15.263969310345708,18.56490604026748,45.78597643856328
2001-09-19,20.377338690305756,13.888209427020065,18.575999790994747,46.50917174266252
2001-09-20,20.099417657271744,13.563385679994592,18.860152230854304,46.66013653884688
2001-09-21,21.207155934888743,14.203503049818066,20.127179872458296,47.768836850391416
2001-09-22,20.3030681488761,13.750980901234286,20.54349352604172,46.51581248515947
2001-09-23,21.113417433125832,14.535753588588943,21.927873195487457,46.429648499263756
2001-09-24,21.097457659344848,15.191010842533771,23.37695299702463,46.42389038605479
2001-09-25,21.138147576660366,13.37179050901441,23.086220752619113,46.756457418009944
2001-09-26,21.034547959678406,14.206107553342255,22.887945448449127,47.79793968614729
2001-09-27,21.44447825585317,12.73736662398406,24.545140389780308,47.52752245112818
2001-09-28,21.99655209084852,13.086036026411218,23.27577530924529,46.426224455517556
2001-09-29,19.639774924131626,12.986731084043571,23.154815722532973,46.235674998284196
2001-09-30,20.562326431775613,13.329991945211699,24.133030466164115,45.71955454593199
2001-10-01,20.51552590744339,15.011306515012091,24.163770949926654,44.385189137467286
2001-10-02,21.341309712105225,16.441719993183405,25.378242388268877,44.75994761430478
2001-10-03,22.455117659210778,19.0228018133763,25.06150967169222,43.88901921287212
2001-10-04,22.600102513005794,18.164522168303527,26.123629981194146,44.283591768682925
2001-10-05,21.591208776861937,18.220426885548925,26.65634992173127,44.402859909929205
2001-10-06,22.30007141820396,17.11494816636599,26.099169493440513,43.64085338465897
2001-10-07,23.447633032802347,17.14784979882697,24.97504003980938,43.08478547172762
2001-10-08,23.54407900866952,15.30314450104056,25.604548420897437,42.2331646699542
2001-10-09,23.473223293109964,15.963964728837222,25.991132556102823,42.18761648138257
2001-10-10,23.259922627926297,16.589874160218038,24.347971025273658,40.93186517632407
2001-10-11,24.833371687238518,15.147160034595302,24.41520863308666,40.96116223457232
2001-10-12,24.582967517460897,14.6163821651715,25.251704262832963,41.73875634003259
2001-10-13,24.066306064921136,14.021804046662643,23.475727434998987,42.96213147392737
2001-10-14,23.76739153251126,13.763505651156464,23.383536315778876,41.742064027709525
2001-10-15,24.12694337978719,13.18887919076653,23.434331288624634,40.275627140109854
2001-10-16,24.675659739835986,12.49689215085868,21.815587228368997,41.6155339628261
2001-10-17,23.42699578747007,12.766860630204073,22.20489223883243,40.241144835617376
2001-10-18,23.98573332248301,13.14508307307731,22.377111245714723,39.64072696812723
2001-10-19,23.835042086131608,13.41325164351484,21.32289013206973,40.145509896457426
2001-10-20,23.984862788949147,14.507306952113808,20.44621723098828,39.732719735378275
2001-10-21,24.51118276983595,13.764174296976138,20.119470676591444,39.54111120917645
2001-10-22,24.834454762998707,13.793506374796435,20.587069119200045,40.635337374936825
2001-10-23,25.478809482730966,13.677633237905647,19.496218108795816,40.42657870792981
2001-10-24,24.426220917391817,14.180369264386137,20.064710215177083,40.3524594497906
2001-10-25,25.472157904807133,14.084396360076548,22.186182208408816,41.39204487829527
2001-10-26,24.126969883704874,14.649704200442724,21.028778697048732,41.928631989459284
2001-10-27,23.489756569063665,13.219350961570804,20.35737552265313,42.08436279396988
2001-10-28,22.396732071364102,10.184291420030085,19.31605732370669,43.543455198906244
2001-10-29,22.35203015305646,10.391438626440555,19.168858947037542,42.8526836401245
2001-10-30,23.3467900626257,9.599852640736206,19.22914188205434,42.852665608963065
2001-10-31,23.652046527465192,11.300698968466866,20.62651592088128,43.27879107031195
2001-11-01,23.300834931248904,11.596131882174486,20.67582445991733,43.80917761945469
2001-11-02,20.895645164565533,9.759681858437975,21.600381284912732,43.341666867780944
2001-11-03,21.08107155204926,10.643079544576633,20.82070086775827,42.328449427176835
2001-11-04,22.589146849062725,8.862734219630992,19.96764256197394,42.21114362499485
2001-11-05,22.934886759863016,8.111442638639662,20.320518019606784,42.11494825889286
2001-11-06,22.88613576431874,10.073394489192179,20.57560443589856,41.31017238491333
2001-11-07,22.897782275004374,8.195616257130823,20.360094178152146,41.02334973621161
2001-11-08,22.72984710358991,9.12994671945364,19.792439682072875,40.88552811855953
2001-11-09,22.85347564217175,9.135769522798526,17.009009899014256,40.80557253673482
2001-11-10,23.82611778199641,9.542389868620624,16.706701389220164,40.63320983841321
2001-11-11,23.79461843177389,8.510927003659237,16.07298652029147,40.12091336917796
2001-11-12,23.666360521107077,9.595948382198069,16.457309259427515,39.21862896862066
2001-11-13,24.01272692839776,8.937373405025673,16.25805199139329,39.403792628318016
2001-11-14,23.725706071905876,6.391921001898722,16.535595489413836,38.76791725132616
2001-11-15,22.53347367575614,7.561704889572679,17.107839331209313,39.05199877775237
2001-11-16,23.021710257065326,8.652188625582106,18.72084539498126,38.98807514573511
2001-11-17,23.055000417345855,8.198978354566705,17.161665172583742,40.38216607197883
2001-11-18,20.769473581488057,7.461413380883824,17.101139809612953,42.31690139163072
2001-11-19,21.801000492702876,7.085736260752713,14.114573874250615,41.23394917129262
2001-11-20,21.701513464535534,7.272184955543211,14.769883640444476,41.032548517770884
2001-11-21,22.716211633322143,8.017668341926642,15.736292723734623,41.61271527068366
2001-11-22,21.711231006436144,7.815644108202156,17.630261631712926,41.02691264093042
2001-11-23,21.545731500156407,5.536038664766712,17.230250473260522,41.58576208928492
2001-11-24,21.031068472761106,7.188854665699198,16.869720798101632,42.58415184753898
2001-11-25,21.620959473327737,6.037658392322436,16.570624974067027,42.709713781853736
2001-11-26,20.628046967359968,5.288349486781347,15.750750544067435,42.78699958399602
2001-11-27,20.553682326598878,5.492816450777718,15.379014947581156,42.27650798436706
2001-11-28,20.13247565626841,4.42595884643998,16.44736619653765,42.03826483424731
2001-11-29,18.659840317715712,5.273848923702319,16.178439225732976,42.31917271494164
2001-11-30,17.74324332980874,5.068653567416337,17.089726479750883,41.91190780322664
2001-12-01,18.005566176594552,3.8694244986062083,17.8937670585862,43.531103418038775
2001-12-02,15.81445222280307,2.0404801845811775,18.945345124865156,44.707250399973546
2001-12-03,14.586694027882091,2.687022687800555,19.91544615813556,45.62316190584782
2001-12-04,14.903775582454095,3.1556618629549837,19.368870916160652,44.18021960501234
2001-12-05,12.868504161483648,3.2261554301806066,19.343545735384055,42.245263517516356
2001-12-06,13.111054658445374,4.210950773469629,19.65982421015707,42.25937306610601
2001-12-07,14.318977870375143,4.131811084515718,20.72702480859601,45.00523836996548
2001-12-08,15.419317739147232,3.7945982681802732,18.60497049257903,45.091509961118625
2001-12-09,15.11081339268926,4.172643551451871,20.41293455882053,44.24402533492891
2001-12-10,16.298825912947063,5.3211610308449515,19.827166623944187,41.816012572152886
2001-12-11,15.86874673710124,5.628855232551405,19.461368111647904,40.34146755756983
2001-12-12,15.93241210483067,7.304535625923232,19.2953638886827,40.73593265144563
2001-12-13,18.119072789236867,7.535540369034506,18.25415223480572,40.87452573408128
2001-12-14,17.450025489243078,7.642950956433622,16.980669570606565,41.53773087155253
2001-12-15,17.95649906407327,7.0189528847716876,16.575273287927907,41.89286731998048
2001-12-16,18.618599961184728,6.859605814272042,16.66630477082361,42.65482079256622
2001-12-17,19.05912665866273,5.75001757907327,17.10361849198207,43.0028968823757
2001-12-18,19.755942719524683,6.043691998515164,16.657562515830495,42.85461634321359
2001-12-19,22.207539500922003,5.601123948909921,14.783850020051613,43.726474463686635
2001-12-20,24.488034496722182,5.175021559529364,15.359610812187796,44.249063585306345
2001-12-21,23.336566371299885,4.529987675186312,14.222407064849394,43.88318402312582
2001-12-22,23.92744203693716,3.730974400414648,12.67343099606333,44.21134986211808
2001-12-23,23.740697873556183,2.9764493533757594,14.131487029272487,42.48577074363573
2001-12-24,23.502219084174353,4.465527966844935,14.391787228579716,38.9685052312665
2001-12-25,23.26650204572584,3.6605674295145256,14.960693502305906,39.90729288066244
2001-12-26,21.452747186799566,4.378232556159389,14.65342670161258,39.39864004147591
2001-12-27,24.12877705566103,4.700979578667419,14.531944426731178,39.20232831267611
2001-12-28,24.816779834705933,3.342595975491188,15.212118475199496,39.66180352424829
2001-12-29,23.27811552985823,-0.6326168961157208,15.072740056304992,39.436381585318486
2001-12-30,22.738289966187217,-1.857091080229108,16.421464160284295,39.25227405464637
2001-12-31,23.041955038200328,-1.4572749407772443,15.48406733255477,39.586613833373285
2002-01-01,23.290514295346213,-2.0569636773188824,14.525519102949321,38.51926848932791
2002-01-02,25.011676403014842,-2.7375435458333035,14.576507336126989,37.09459441349475
2002-01-03,25.505189959675842,-3.5356931966102767,13.499767292310484,37.31631958045245
2002-01-04,26.585982923610803,-3.173117208843758,13.554409675279276,37.353467476783
2002-01-05,27.216624747743335,-4.556822742769234,12.919623648767502,36.742234855570615
2002-01-06,27.44047775605154,-4.433286233007918,11.830148102488739,36.07226184483096
2002-01-07,28.151413104298683,-3.168669396939497,12.726788942613766,37.79292192694621
2002-01-08,28.311080021240592,-1.8645463571413978,13.684282618211647,37.65515192543248
2002-01-09,27.613785164746314,-0.6311894303770416,14.452648423236269,38.42958933953515
2002-01-10,27.32556049925832,0.4350934259656747,13.749879208253798,37.664913474888145
2002-01-11,28.204929631928543,-0.34401191635412776,13.557892128878919,36.959597644407644
2002-01-12,28.393481250389954,-1.733946297592019,12.20847046779952,36.308741096326536
2002-01-13,28.38160740083918,-1.6607053551958035,12.343636677580788,35.2586885417987
2002-01-14,25.97452153927266,-2.1563801144311547,11.473741838892925,35.822709947103654
2002-01-15,24.924738375287003,-2.494999949833498,12.062354381150366,36.114194468241095
2002-01-16,24.789461147428707,-2.4278163256939447,12.47325941525677,36.00053223217925
2002-01-17,24.599276181020585,-2.5910683587958747,11.485186955213319,35.87722666609467
2002-01-18,24.649202489305452,-3.198409874956137,12.753173848947117,35.64332594513407
2002-01-19,22.7599708415449,-3.2011477384983333,12.848631460794229,34.92418710461208
2002-01-20,22.266006115000348,-3.8715161045988875,15.098346003446517,34.70167687073274
2002-01-21,22.062765011959822,-4.001748865977521,13.896471907725656,35.82958055270312
2002-01-22,23.00723621233355,-5.593409192439438,13.638048068766029,35.57780503251882
2002-01-23,22.223546193978102,-5.958426376627372,13.329944473539083,34.63263880404834
2002-01-24,22.756290799353884,-6.032058580772894,14.325717552190707,35.55419211517684
2002-01-25,22.55841488374666,-7.088698164259295,14.584739909809075,35.2767802334062
2002-01-26,22.640398403062584,-6.452138105230273,12.633361297731915,34.47516907887814
2002-01-27,24.51635991290169,-6.767330527681553,12.795929390799836,33.23242928125577
2002-01-28,24.17975678965542,-6.736363414352715,13.697822598812404,32.243052095116724
2002-01-29,23.654733921627543,-4.974061101031213,12.692797026321996,31.99993868279881
2002-01-30,24.466078067399348,-4.848213095109749,13.055640741418738,32.13253396068974
2002-01-31,21.84932279028142,-4.407494996245542,12.487585591414815,31.44615520665546
2002-02-01,23.200645542323528,-2.6953079315814135,11.998450846198208,30.10862454549043
2002-02-02,22.731161981182336,-3.863479340656067,11.376313103982287,28.854964991061976
2002-02-03,21.245736518590984,-3.0730983515834236,11.67101148500205,28.838374858979066
2002-02-04,21.91784471500237,-6.301419317242848,11.591595568073162,27.86409640240445
2002-02-05,19.909425629840896,-7.226707022037212,11.990630396966257,26.9734302613569
2002-02-06,20.312182619180213,-6.6192137348661735,12.373341109844809,27.12536288768157
2002-02-07,19.424552389191003,-7.444880299977912,14.304257708560113,27.66322991940451
2002-02-08,17.16788115104175,-7.139524702282753,13.852114414571815,27.71155475295045
2002-02-09,17.75749975095742,-6.899040251550747,13.822147686164774,28.381169982560422
2002-02-10,16.880320931107264,-6.779337870599484,16.238196878690818,29.285238851849353
2002-02-11,17.479404990144992,-7.643164857635973,17.024138183992875,27.397416565947953
2002-02-12,18.443476995973086,-6.310765339148475,16.849447627604846,29.89468717382628
2002-02-13,18.20697399953982,-6.784285353259996,19.38602718388043,28.581649276007326
2002-02-14,18.839042335606663,-6.718573396877648,21.11902290063476,28.036553739202514
2002-02-15,17.52655122284446,-7.564252837220767,20.020227141400568,28.306042293564488
2002-02-16,17.30865835728119,-7.372745832543708,19.553193402730926,28.721187675087126
2002-02-17,19.21656226700194,-7.385301714195926,19.556420674392125,28.510115591727455
2002-02-18,18.54551034117102,-8.8989491534519,18.950126012543866,28.542595043656693
2002-02-19,15.929789842955683,-9.233543012655772,19.37504743138607,28.20404460319597
2002-02-20,15.088742238833941,-9.648708905908354,18.136318650430695,27.972746279122717
2002-02-21,15.65478387643784,-10.141865877322852,15.190154308551943,27.36123666843624
2002-02-22,16.241759759314427,-10.26051432786752,15.27457704217404,27.976424791399623
2002-02-23,14.529009816863402,-9.234638605390945,14.715137444080996,27.35942111869877
2002-02-24,16.32843893846879,-8.084202859845547,14.377050885995631,27.66592123730661
2002-02-25,17.854559692631966,-7.832596192436489,14.488541985464046,29.00531591734308
2002-02-26,18.214497923752113,-8.225009678825852,13.571962480009608,29.173011408187467
2002-02-27,17.952130319927626,-6.182962941396628,15.87901078708612,29.081411766314375
2002-02-28,20.205121962663572,-5.934647872495536,15.84849778457523,28.13977427173942
2002-03-01,19.444369944945826,-4.279990600220213,14.82200562712085,25.87805790512484
2002-03-02,20.522793927795547,-3.684209760253703,17.70562963903223,26.960042992794005
2002-03-03,20.784884632360956,-4.716744057652843,17.296833736909917,26.59039434169646
2002-03-04,19.4477431011143,-4.540062622526094,16.927989864442665,27.043325235542245
2002-03-05,18.932904882425348,-5.269629250250554,15.416641823865866,27.5161319683226
2002-03-06,19.685287700155058,-6.246068325142605,15.66865716521064,26.12784128174195
2002-03-07,19.640871642088044,-9.235117458245213,13.867919006546593,26.04311254867183
2002-03-08,20.85232455545753,-9.142091983447648,12.747968481340237,26.50594825607335
2002-03-09,20.369724268909007,-8.781198495709695,13.480935466044878,26.631273494456252
2002-03-10,22.06272048218084,-8.685010492040995,13.672198165330714,25.099438934529143
2002-03-11,21.92382960943723,-9.328011674847161,13.03134589059715,23.08748987877987
2002-03-12,22.799543415978683,-10.801657072552652,11.767011418406124,22.90286777973553
2002-03-13,22.530042113353854,-10.06945562844798,11.989909318440388,23.99656498745182
2002-03-14,21.805300641454703,-10.274058248669984,13.434243239523845,24.256168767786516
2002-03-15,22.194311503577286,-10.656970463208568,11.769057128075126,23.12133930622181
2002-03-16,21.617773900909384,-12.17630422528168,11.839676816010705,23.090988346015727
2002-03-17,22.110466375706352,-12.760714746811656,12.482381107377094,21.625207478802697
2002-03-18,21.673427303311282,-13.407284931220461,12.94163710349064,21.215717192449354
2002-03-19,19.57107665949533,-14.984902223781251,13.416519797583975,20.06574689237779
2002-03-20,18.799905795262564,-15.118861118583526,12.683049345451133,20.014071776099314
2002-03-21,20.70030758316808,-15.235039237845143,13.15183190690841,19.858798746047068
2002-03-22,20.37446372690493,-15.477037657891842,13.28909154556965,19.27977795017338
2002-03-23,19.993507981325024,-19.40303376438151,13.353606701528834,17.808959702503007
2002-03-24,20.165287631587084,-18.820136330451916,15.062378016859379,19.188821339277187
2002-03-25,20.449399599031278,-17.668877837639375,16.266908851272653,18.99492189804532
2002-03-26,19.29750219550754,-18.617288542211448,18.59481891112528,18.849779911770923
2002-03-27,20.31602741659072,-17.481020969224854,16.63220858313678,17.750682109717612
2002-03-28,22.85594894772797,-18.50391664207225,16.96191186841562,17.905431743932276
2002-03-29,22.965623320155085,-17.984208434902154,16.395294216339668,17.47860197996318
2002-03-30,22.469473581794546,-18.054368304558956,16.213492148686164,17.68220417421728
2002-03-31,22.52553811889512,-18.33085309290085,17.04158130717648,18.23087677215421
2002-04-01,22.441960515744086,-19.393388703776836,17.686260806120096,16.822247274246507
2002-04-02,21.838960577769623,-18.482164349300735,17.18473657584016,16.055423564830022
2002-04-03,21.819276377318417,-18.34045486404144,17.571736669828894,16.525392788412326
2002-04-04,22.4757640281756,-18.848059703982493,18.808493925630938,18.617931764842297
2002-04-05,22.88030788789853,-18.863756732973396,20.716902731684115,17.732504183998284
2002-04-06,22.810445770403046,-20.04148333761755,21.12670650318567,15.916552163819361
2002-04-07,24.792918888255173,-20.152368181603073,23.939065847967097,16.626943372937337
2002-04-08,26.01276508902893,-19.891788604687683,24.337104955546586,15.874146298579545
2002-04-09,26.020575948202406,-20.8979468051454,25.75084649583493,14.92152854159411
2002-04-10,26.27588341495731,-22.128948043483796,25.719370202550504,13.485857610564782
2002-04-11,26.022381411670302,-22.98149859649975,24.63223153282132,13.119487587604764
2002-04-12,25.511502937336516,-24.196005571846367,24.916558847106153,11.26869347662503
2002-04-13,26.067807157851846,-25.176596347534012,26.217750438677275,10.422855135251847
2002-04-14,25.651557545537198,-24.223875337972732,26.706560084812548,10.150567475366667
2002-04-15,24.33025341834441,-24.430559381214437,27.337126046611594,10.33694291548826
2002-04-16,23.19731389513648,-24.65651093910007,28.137533532439058,11.593562496265825
2002-04-17,21.87942373867972,-25.48973016722665,28.198351801730492,11.181508615651195
2002-04-18,22.30561292220838,-26.152906622802053,28.205104726581247,10.956919265496254
2002-04-19,22.24258486410992,-27.227085711115926,28.001493537693054,10.069042063717887
2002-04-20,23.871320159393562,-28.7177457994791,26.99928223712763,10.4634879848857
2002-04-21,23.71342890403522,-28.39200345652614,27.158763592916262,10.39049347608739
2002-04-22,25.750564763708667,-27.909142026381115,27.21971069091274,9.856987392955455
2002-04-23,24.85344267131825,-27.761938940944777,26.545161055024163,10.813654231347027
2002-04-24,25.50104860136974,-26.227785104656295,26.35961841834602,11.271325934334902
2002-04-25,23.977248421896338,-28.68407143034409,26.2661549792713,10.220002479604743
2002-04-26,22.749939498809898,-29.148339176717485,25.922457255533057,11.238372279407802
2002-04-27,22.518740380531636,-30.143014267009303,22.96330348152068,11.662979470461295
2002-04-28,25.66862318038808,-30.01326308246964,24.500812029475327,11.412040661459974
2002-04-29,27.736374971686615,-31.701344610859547,25.25682190550814,11.17711060749993
2002-04-30,28.42039874872894,-32.670210236715626,24.033498522923583,10.86540561439919
2002-05-01,28.546225626518115,-32.1282503779585,23.947080744765202,9.97792980148269
2002-05-02,28.970953332531753,-32.99864063802775,24.448700556008607,10.200302528708631
2002-05-03,26.796945477490905,-33.66408987594822,23.370578961321208,9.161146116471855
2002-05-04,27.008988245950697,-32.03918224614089,22.568431667671575,8.651593513800167
2002-05-05,26.188603838162933,-32.7928001742588,22.407034826074693,7.714642837191824
2002-05-06,28.368730939167545,-33.26132661568065,24.090958688000143,8.606440322571927
2002-05-07,27.922101634997826,-32.363960541836846,23.622038575541612,7.420073500358003
2002-05-08,26.251614206070283,-32.73281356303745,23.185312639977564,9.253277102377428
2002-05-09,25.382969251860906,-34.00429268233927,24.60184616202214,8.542218845396988
2002-05-10,25.376737488356195,-33.53719043556381,24.89537173093977,9.779897490065586
2002-05-11,24.54823902202235,-32.510052677089554,25.28745136929423,10.317804802331626
2002-05-12,24.0558427102684,-33.95176258553399,24.782541926873183,11.774476884067441
2002-05-13,25.062700543109578,-34.21663197569777,23.13551105775804,12.616940841065801
2002-05-14,27.090458995570444,-35.936667504478955,22.959735416189986,10.97601954983227
2002-05-15,27.751415346797657,-36.85326627519553,22.498095154494283,10.315750444697912
2002-05-16,27.552712610576986,-36.44186214881893,21.2610222310116,11.574380514214905
2002-05-17,27.331513244746155,-35.635172417725656,22.49420161511741,10.413555089688362
2002-05-18,27.55689482471523,-33.858368534797435,22.24646745454393,10.608580825734741
2002-05-19,27.54874430324852,-34.6133978181792,21.62267382945535,11.04863600805407
2002-05-20,28.822297420920236,-34.16608393105325,20.86658896607326,11.183391910005167
2002-05-21,27.255796509709132,-34.044166115978044,21.818170023390028,11.265086989472533
2002-05-22,28.675921401185768,-35.29416327466834,22.81345519580589,10.351246520570838
2002-05-23,28.96809245935934,-33.52028956752705,22.718301076088594,10.49436287179443
2002-05-24,30.260153919731795,-33.726737500326806,23.148745066343,10.066110780100399
2002-05-25,30.222562195136508,-33.87384967822933,23.231109420988243,10.077686928496354
2002-05-26,29.454378227033324,-35.86466715152226,22.85146258326162,12.208015462016743
2002-05-27,30.031231034996864,-36.07862538494103,22.481884192273416,10.862229571732115
2002-05-28,29.476362383295434,-35.020575751576374,21.892849917297728,11.233401612268219
2002-05-29,29.521087063304392,-35.71801338005986,22.04587364102383,11.049197685726345
2002-05-30,31.271739325966283,-35.533877061437984,21.264972118519363,10.68534666950145
2002-05-31,31.567355258185415,-35.99309078307809,22.34105493504457,10.210200822120688
2002-06-01,29.641600056850177,-35.94163194979225,23.51401053088126,8.807209409976725
2002-06-02,29.517538600118243,-36.843149726262084,24.383316043661942,7.379453977156476
2002-06-03,30.025079667911207,-37.49932946246661,24.266903226655565,7.197785862205194
2002-06-04,30.36309577194204,-36.882518629150134,24.519549546138332,7.461994853020778
2002-06-05,29.566838283292512,-34.971196435689286,25.48595509177991,8.223919180185938
2002-06-06,30.19568277570948,-36.38324582703478,25.074084030164833,6.804932789074369
2002-06-07,29.22187936672206,-35.282911612241925,25.33279101067092,7.01405149402546
2002-06-08,29.66283478154143,-35.59461395467491,25.291815140004534,5.803203187283252
2002-06-09,28.025558786482005,-35.65299066730968,27.337894652460193,6.583519052361008
2002-06-10,29.793645802220738,-35.431267603526734,28.615787403408568,6.603171155694839
2002-06-11,33.12251111132096,-35.305400470467546,27.84846096362957,7.067364658765596
2002-06-12,34.577780148362706,-35.746249303300985,26.46299165033036,6.48106387043766
2002-06-13,35.025012703074616,-34.952487978144184,26.55389685144481,5.277531986330455
2002-06-14,35.34837418686933,-35.76476260124983,27.402734669799123,5.813593981584811
2002-06-15,35.18793752487424,-36.88280883029767,28.5159366252828,4.348919259728107
2002-06-16,34.782208428166186,-37.67598493288524,28.346530032340805,5.605421392982331
2002-06-17,32.48094208759959,-37.27713555726686,27.915030054584186,5.367242974453859
2002-06-18,31.86035568689826,-37.10874385982694,27.915948358667848,3.286689471443497
2002-06-19,30.546435365687525,-38.16028746435234,27.12008833947987,4.199893589281785
2002-06-20,29.944465063998514,-38.92408731567486,28.925518919273586,5.669661354208388
2002-06-21,29.3122896852744,-38.3660248244395,29.077024298106902,4.8322100431819655
2002-06-22,29.60896825172574,-39.55343861169688,29.615097139748205,3.6249077665276284
2002-06-23,29.07924199865765,-40.21371239326763,30.877521516152196,5.081764066953849
2002-06-24,28.690608421245447,-40.084540873669525,31.652768855622984,4.733866291281419
2002-06-25,27.51368066483804,-40.869970484198234,32.28569725034054,3.98906231682467
2002-06-26,27.270570199933704,-41.09001028281077,31.671960343577396,3.4085317540471696
2002-06-27,26.349179496179094,-41.213253408101714,31.669342661073497,3.567025627073548
2002-06-28,28.275575008239674,-42.99119505610482,32.270775714216846,4.187326534718572
2002-06-29,28.870331008909762,-42.41545663816872,31.277198703227455,5.22981570024848
2002-06-30,27.524317223208087,-42.278444975600436,31.377218068098546,4.610488776145749
2002-07-01,27.67904762297377,-42.631056203108955,31.680156980231576,5.0173624291782
2002-07-02,27.157057700813322,-43.143496827532246,30.98306956993237,4.8530422711883885
2002-07-03,27.854725236063388,-43.47058410278429,31.358816566550093,4.281266518791045
2002-07-04,28.1750564423717,-43.41989224965466,30.904465717152952,4.696867436710817
2002-07-05,27.48271189979569,-42.32366763057897,29.188355469272807,4.848065136199719
2002-07-06,27.611398068321876,-42.74727366195876,28.895047425613466,4.1160852292369885
2002-07-07,27.798275612491704,-42.4288261303105,26.99627540553366,3.0841858709695664
2002-07-08,29.062402379504892,-43.754290244463945,25.669204539700726,3.459002668869246
2002-07-09,27.992155184098703,-42.59456963813048,26.866229534220846,4.891602625224917
2002-07-10,27.259564476175186,-45.116158113802065,27.167166933338564,1.5585725832296862
2002-07-11,27.05134887551467,-43.46629066460004,26.75866231560354,0.2809116265839633
2002-07-12,25.37480933303477,-44.672742498053836,25.47311105321381,1.949781964926256
2002-07-13,23.803948669801464,-46.363068827037445,25.938470336401135,2.7518850663436467
2002-07-14,24.16833166495238,-46.6569251738157,26.792600543366092,3.945309910714129
2002-07-15,23.96228913916597,-47.27787866621459,25.424357211564278,4.886036875661084
2002-07-16,24.495013097088673,-46.09143354034145,23.756880759782184,3.6451927050114863
2002-07-17,25.57375195215199,-44.71975000361835,23.36088404350706,5.155061258545116
2002-07-18,26.7152516337854,-44.228275007240896,23.709010213137816,5.484602055308184
2002-07-19,26.262755767349404,-43.198268360472674,23.69051329933265,5.384418411943882
2002-07-20,25.16461344116374,-43.40915632203015,24.411208737261894,5.020853599640045
2002-07-21,24.540259659601567,-42.85785542273149,23.481736711179384,4.029458734144706
2002-07-22,23.921542762556054,-41.586941022477504,23.579468692543447,3.2510412320302877
2002-07-23,23.492085147065588,-41.39121832961629,24.241915695528657,3.051038055037843
2002-07-24,23.227740923418434,-41.041901289376874,23.558458560235312,3.115771730966402
2002-07-25,22.859421664120518,-42.18688090461904,23.029909496906246,4.7075007773117195
2002-07-26,23.43516520456517,-41.33041486905771,22.553214123705725,4.005080529793561
2002-07-27,23.598033398696263,-38.649619972520554,23.65464068665675,3.2540075227632057
2002-07-28,22.622752733869746,-38.93316953728784,23.80016820394369,2.0715332307181233
2002-07-29,22.34236161480384,-39.67831515155144,23.423386370828954,2.1657190109017708
2002-07-30,23.2453471326171,-38.6456781694373,22.558374706171538,1.6949986384089966
2002-07-31,23.064560832020906,-39.00447267508737,22.92349393958449,1.1679672614937417
2002-08-01,23.840273177291923,-37.68662676753651,24.090176316454535,1.123618927640046
2002-08-02,25.379992922976935,-37.138016953698,24.528772382713864,0.08400121947131378
2002-08-03,24.765630544648413,-35.14881913519529,24.149660790821574,-0.585859471027894
2002-08-04,25.210502816354257,-34.4648907098107,23.509740901024074,0.7433708562350588
2002-08-05,25.426972732798347,-33.76452971028556,23.686193578735995,0.0228683676373983
2002-08-06,24.576170717779082,-33.287848229453665,24.57266874377146,-0.2952875479176198
2002-08-07,26.752856237736555,-32.71965633583694,23.564979203799872,0.24499901226818188
2002-08-08,26.567372715878605,-32.93889842664423,23.27536877813812,0.740049394171124
2002-08-09,26.05416595381227,-34.54689381132903,22.130676824717458,2.2681685708846344
2002-08-10,27.679187678644293,-35.17725932544567,23.062865686815016,1.540994862127195
2002-08-11,29.418100924485884,-37.70134921252011,21.684184001612984,0.6822567553292962
2002-08-12,28.262527082015982,-38.28760390012671,21.04522661065363,0.1763372320343254
2002-08-13,27.377074570833024,-37.738273593537265,20.569986116546517,0.7582607792590618
2002-08-14,27.511510182564436,-39.10204299626749,20.269468504259496,1.84583422979822
2002-08-15,26.942915704907687,-39.28654288067947,20.60736560075859,1.674929383926371
2002-08-16,28.010185977987092,-38.04845695587032,18.88048924251483,1.5608866515271735
2002-08-17,28.59477215706976,-38.29418771865087,19.083579912335033,-0.1113753255662624
2002-08-18,28.304133197652547,-37.23153920680195,18.879085654721326,0.881614739934538
2002-08-19,28.992439462721737,-36.34740655874637,19.141216509594,-0.4262736532114415
2002-08-20,30.135517702325938,-35.88783156177499,18.47946546889756,-2.0198613479240723
2002-08-21,31.06735577690541,-34.4034261368688,18.093109749637243,-3.098094336601367
2002-08-22,34.992503360381434,-35.184812911325466,18.68627338405307,-2.8405061325700256
2002-08-23,35.52585896334089,-36.34709540446638,17.69632908530351,-4.343017405546655
2002-08-24,34.37801995353929,-35.33207267344903,18.138277349240127,-4.510441793569689
2002-08-25,33.32458280795291,-36.86450118043724,18.501802950949017,-2.960630632894275
2002-08-26,33.224956353781366,-36.15771798929744,19.46357994470788,-3.8499341225113293
2002-08-27,34.63625656670582,-37.176611903398,19.569017356202423,-1.9628078963911577
2002-08-28,35.097595677652755,-36.81590121095358,21.074613868856883,-0.7442469115649264
2002-08-29,35.76893394861203,-37.39305797356901,20.23156624677263,-1.2843527927782858
2002-08-30,36.928930033482914,-36.880349991163634,19.061249727648903,-0.8744110909577019
2002-08-31,36.76223720080904,-37.29302604363485,18.88835468780447,-1.9479058735987655
2002-09-01,37.812655153050315,-36.7599046664103,18.417055441039885,-1.3510724616172354
2002-09-02,38.05324567822708,-36.7105820744551,19.062725953037273,-0.2062779063963498
2002-09-03,37.50269020893834,-36.35899061320832,17.819113596950956,0.10551173047480111
2002-09-04,37.94146780480404,-38.23306393717007,18.005122002154838,-0.39562574952965324
2002-09-05,37.28606675244941,-38.15761966853403,18.47775517596743,-1.263857868975276
2002-09-06,36.45437880809104,-39.75939297742552,17.549605697512117,-3.1699219476577234
2002-09-07,36.24954632334008,-39.683837163198504,17.276704343251772,-2.9615515242930552
2002-09-08,35.95176505704094,-37.74976470250647,17.702429522255006,-2.9432030591323946
2002-09-09,36.20305008921362,-36.82517074559934,16.78297227677467,-3.7694155923499135
2002-09-10,37.86040797973232,-37.38578169868452,16.03091495606346,-3.97571845117742
2002-09-11,38.68620579427593,-36.609295673003835,15.048531958695321,-2.786216912823014
2002-09-12,37.973872665405274,-37.24146290069205,14.061672638947305,-3.7120868376181244
2002-09-13,37.33412370206608,-37.87780768853156,13.447877047002184,-2.388169134893101
2002-09-14,37.58488174689432,-39.214723261596056,12.516976231235988,-1.6304310889038343
2002-09-15,36.71047687352746,-39.78877653416938,12.397556094224823,0.028569375753946247
2002-09-16,37.91960479320242,-38.53395305015414,12.102074102832395,-1.5641828575832126
2002-09-17,37.07586500894895,-39.998537378796065,12.416081089684576,-0.8870805215982189
2002-09-18,37.40654844176668,-39.08791001100579,12.890000538988621,-1.4498849036730004
2002-09-19,36.93749969722164,-39.560549687639586,12.357710267165448,-1.3939339063449805
2002-09-20,37.75425678546214,-40.149229917624524,12.100033606603846,-1.6811903915176345
2002-09-21,36.7907336854944,-40.017756540054215,11.352184787775284,-2.393134848355406
2002-09-22,35.15733748938473,-41.44392905748006,11.929900466243936,-2.1113193160171893
2002-09-23,34.534821106936455,-42.965326314482404,11.701175498268944,-1.9824335127590198
2002-09-24,34.38703764911552,-43.5323020172701,13.253081525635473,-0.6122565790671544
2002-09-25,35.493901866558694,-42.8065954300058,13.972165810174678,-1.2923320531737397
2002-09-26,35.2648393052768,-42.405482526010765,13.716902298767659,-1.0887258610258208
